epoch,train_loss,train_acc,val_loss,val_acc
1,0.6974565386772156,0.225,0.7658829092979431,0.035
2,0.6663089990615845,0.43,0.6652618050575256,0.698
3,0.6318246722221375,0.664,0.6253505945205688,0.781
4,0.6127001047134399,0.726,0.6068443655967712,0.813
5,0.6023019552230835,0.757,0.6443273425102234,0.769
6,0.5933008790016174,0.762,0.6597670912742615,0.747
7,0.588449239730835,0.764,0.5808953642845154,0.842
